,sum_sq,df,F,PR(>F)
Intercept,37.567536299961375,1.0,731.5132093575673,1.0933924339613755e-32
"C(problem_id, Sum)",0.42676033715096134,9.0,0.9233173538249186,0.5126643647859941
"C(objective, Sum)",0.23675155919244237,2.0,2.305007327369637,0.10967658600088916
"C(language, Sum)",2.3187796894865476,2.0,22.57558173240112,8.092469405649986e-08
"C(objective, Sum):C(language, Sum)",0.4026274426581263,4.0,1.959985414019409,0.11408334950941929
Residual,2.721863936874861,53.0,,
