,sum_sq,df,F,PR(>F)
Intercept,775.2094744252535,1.0,377071.97020521684,0.0
"C(block_id, Sum)",11.000268127160744,150.0,35.67115652681648,2.2161724176420115e-246
"C(objective, Sum)",0.010493690046675391,2.0,2.5521336562329964,0.07864951704638387
"C(prompt_detail, Sum)",0.0008223641077582199,1.0,0.40000859711931513,0.5272940333414007
"C(objective, Sum):C(prompt_detail, Sum)",0.0016525815953091938,2.0,0.4019185901527588,0.6691915103255544
Residual,1.4206034634086389,691.0,,
