,sum_sq,df,F,PR(>F)
Intercept,8418.7947937399,1.0,1165.0112225191876,2.1274876055511366e-150
"C(block_id, Sum)",110417.99405102892,150.0,101.86588887454465,0.0
"C(objective, Sum)",77.15401531112025,2.0,5.338370627985242,0.005003845214195019
"C(prompt_detail, Sum)",0.8809020989903096,1.0,0.12190115763690218,0.7270879746694249
"C(objective, Sum):C(prompt_detail, Sum)",3.0615568395622006,2.0,0.21183246318834878,0.8091527628531365
Residual,4993.41730794225,691.0,,
