,sum_sq,df,F,PR(>F)
Intercept,83.82067460079492,1.0,21063.532421796142,1.7475038702250116e-86
"C(problem_id, Sum)",0.06590957248167802,9.0,1.8402890369979623,0.07660515952801467
"C(objective, Sum)",0.0016991058932985207,2.0,0.2134865428010936,0.8083023518734228
"C(language, Sum)",0.04206396822289472,2.0,5.285186278159249,0.007353657678379257
"C(objective, Sum):C(language, Sum)",0.01372884395685375,4.0,0.8624899261912722,0.4910403269487035
Residual,0.2706006646328706,68.0,,
