,sum_sq,df,F,PR(>F)
Intercept,91.96234101093754,1.0,483262.41569454153,7.929461925865707e-126
"C(block_id, Sum)",8.109012908814316,18.0,2367.382805307318,3.2545228171795487e-83
"C(objective, Sum)",5.5381766578507795e-06,2.0,0.014551568613818637,0.9855570535647418
"C(prompt_detail, Sum)",2.2793077868783877e-05,1.0,0.11977770194728096,0.7304108869625818
"C(objective, Sum):C(prompt_detail, Sum)",0.00045317132827612085,2.0,1.1907084379255604,0.3106494527791238
Residual,0.012178869354533337,64.0,,
