,sum_sq,df,F,PR(>F)
Intercept,6834.295309155882,1.0,200.76810686840014,9.869079090855734e-27
"C(block_id, Sum)",89344.1879417155,46.0,57.057068865741456,1.0751651770534276e-59
"C(objective, Sum)",301.9188466615469,2.0,4.4346690134184685,0.01401216455046647
"C(prompt_detail, Sum)",18.777105898156332,1.0,0.5516068348100016,0.45921679696690165
"C(objective, Sum):C(prompt_detail, Sum)",59.419943984530384,2.0,0.8727768646475125,0.4206115859025905
Residual,3812.563093635144,112.0,,
